,rmse,mean,median,std,min,max,sse
00_magsac.txt,26.55178883894394,23.56103101323948,20.584760225854872,12.242357131738776,0.907806542468484,54.47358053458921,3201393.604577868
